"unigram","bigram","freq"
"right","now",40
"feel","like",22
"dont","know",21
"cant","wait",20
"year","old",20
"even","though",19
"dont","think",17
"first","time",17
"new","york",16
"im","going",15
"can","get",14
"happy","birthday",13
"im","sure",13
"last","night",13
"looking","forward",13
"looks","like",13
"next","week",13
"good","morning",12
"im","just",12
"just","like",12
"one","day",12
"can","see",11
"dont","like",11
"dont","want",11
"last","week",11
"mothers","day",11
"one","thing",11
"want","go",11
"will","get",11
"years","ago",11
"good","luck",10
"ice","cream",10
"just","got",10
"lets","go",10
"social","media",10
"come","back",9
"get","back",9
"im","getting",9
"last","year",9
"let","us",9
"little","bit",9
"one","another",9
"one","favorite",9
"one","time",9
"will","always",9
"best","friend",8
"can","make",8
"dont","get",8
"follow","back",8
"great","day",8
"hard","work",8
"high","school",8
"im","glad",8
"let","know",8
"long","time",8
"make","sure",8
"much","better",8
"someone","else",8
"stay","tuned",8
"will","come",8
"can","find",7
"can","still",7
"can","tell",7
"cant","believe",7
"dont","need",7
"every","day",7
"every","time",7
"happy","friday",7
"hard","time",7
"join","us",7
"know","can",7
"like","one",7
"love","love",7
"now","im",7
"oh","yes",7
"people","like",7
"really","like",7
"science","fiction",7
"something","like",7
"sounds","like",7
"thank","much",7
"thanks","follow",7
"wanna","go",7
"will","see",7
"called","best",6
"can","add",6
"cant","get",6
"cellular","phones",6
"cuz","itz",6
"didnt","know",6
"dont","even",6
"feel","free",6
"feels","like",6
"get","better",6
"go","home",6
"good","thing",6
"happy","mothers",6
"hope","see",6
"im","gonna",6
"im","thinking",6
"itz","skinny",6
"last","time",6
"look","like",6
"many","people",6
"much","like",6
"please","follow",6
"really","good",6
"really","want",6
"rt","rt",6
"s","o",6
"spring","break",6
"take","care",6
"thanks","much",6
"think","can",6
"trying","get",6
"us","know",6
"wait","see",6
"will","ever",6
"will","go",6
"years","old",6
"youre","welcome",6
"absolutely","free",5
"another","day",5
"around","world",5
"blah","blah",5
"brand","new",5
"can","come",5
"can","help",5
"can","take",5
"can","use",5
"can","work",5
"cant","even",5
"come","home",5
"ð<U+009F><U+0098><U+0084>","cuz",5
"dont","give",5
"e","mail",5
"east","coast",5
"even","know",5
"ever","seen",5
"finally","got",5
"find","one",5
"first","day",5
"friday","night",5
"get","excited",5
"getting","ready",5
"go","away",5
"good","idea",5
"good","news",5
"good","one",5
"group","people",5
"happy","easter",5
"id","love",5
"ill","take",5
"im","working",5
"ive","ever",5
"ive","got",5
"ive","heard",5
"jesus","christ",5
"just","take",5
"just","wanna",5
"know","im",5
"last","day",5
"last","minute",5
"looking","like",5
"los","angeles",5
"lot","people",5
"love","song",5
"love","u",5
"many","ways",5
"marshall","ð<U+009F><U+0098><U+0084>",5
"much","love",5
"much","time",5
"new","followers",5
"next","day",5
"next","time",5
"one","best",5
"one","last",5
"one","mentions",5
"past","weekend",5
"people","dont",5
"pie","crust",5
"pretty","much",5
"really","nice",5
"samsung","cellular",5
"see","soon",5
"th","birthday",5
"thanks","following",5
"thanks","mention",5
"think","im",5
"think","will",5
"time","will",5
"two","years",5
"united","states",5
"virginia","marshall",5
"wait","till",5
"want","read",5
"well","can",5
"west","virginia",5
"whats","going",5
"whats","good",5
"will","keep",5
"years","later",5
"’m","going",4
"african","american",4
"back","day",4
"beautiful","day",4
"blog","post",4
"can","please",4
"can","put",4
"can","u",4
"chicago","illinois",4
"come","see",4
"coming","home",4
"couple","days",4
"crap","west",4
"day","will",4
"didnt","really",4
"dont","make",4
"dont","worry",4
"facebook","page",4
"far","good",4
"full","time",4
"get","enough",4
"get","home",4
"give","us",4
"go","back",4
"go","see",4
"going","bed",4
"going","get",4
"good","times",4
"got","go",4
"great","deal",4
"half","time",4
"hope","everyone",4
"im","always",4
"im","excited",4
"im","happy",4
"im","sorry",4
"ive","always",4
"just","don’t",4
"just","finished",4
"just","get",4
"just","look",4
"just","one",4
"just","read",4
"just","want",4
"know","will",4
"know","youre",4
"large","bowl",4
"last","one",4
"lets","get",4
"lets","see",4
"like","duck",4
"like","im",4
"like","us",4
"like","watching",4
"look","back",4
"look","forward",4
"many","times",4
"may","well",4
"much","fun",4
"need","make",4
"need","see",4
"never","know",4
"never","really",4
"new","year",4
"new","years",4
"next","year",4
"one","can",4
"one","three",4
"one","will",4
"orange","one",4
"parking","lot",4
"past","week",4
"past","years",4
"peoplere","interested",4
"pm","today",4
"real","life",4
"really","well",4
"s","s",4
"said","“",4
"saturday","night",4
"see","u",4
"since","last",4
"six","years",4
"skinny","ppl",4
"sometimes","just",4
"sure","check",4
"t","shirt",4
"t","shirts",4
"take","look",4
"talking","crap",4
"thank","god",4
"things","happen",4
"things","just",4
"think","know",4
"three","years",4
"time","im",4
"time","spent",4
"time","work",4
"today","first",4
"two","days",4
"two","weeks",4
"u","know",4
"u","need",4
"us","will",4
"w","o",4
"want","know",4
"way","around",4
"weeks","ago",4
"west","coast",4
"will","probably",4
"will","soon",4
"will","take",4
"world","war",4
"wow","just",4
"youll","get",4
"youre","beautiful",4
"youre","going",4
"youre","right",4
"–","’s",3
"’m","sure",3
"’s","good",3
"’s","hard",3
"’s","time",3
"“","”",3
"“","rt",3
"“","will",3
"able","get",3
"absolutely","nothing",3
"also","known",3
"also","said",3
"always","love",3
"amount","time",3
"another","friend",3
"answer","question",3
"anyone","can",3
"anyone","else",3
"anyone","know",3
"anyway","can",3
"april","–",3
"april","th",3
"around","people",3
"b","c",3
"back","forth",3
"bakery","café",3
"beautiful","people",3
"better","better",3
"bin","laden",3
"board","meeting",3
"book","club",3
"bundt","cake",3
"bus","stop",3
"can","also",3
"can","become",3
"can","go",3
"can","hear",3
"can","imagine",3
"can","never",3
"can","read",3
"can","really",3
"can","set",3
"can","will",3
"cant","come",3
"carol","ann",3
"cell","phone",3
"central","india",3
"chance","win",3
"cinco","de",3
"class","love",3
"close","friends",3
"coconut","milk",3
"cuz","im",3
"day","–",3
"day","everyone",3
"day","school",3
"de","mayo",3
"decided","try",3
"decreased","average",3
"despite","fact",3
"didn’t","know",3
"dining","room",3
"doesnt","mean",3
"don’t","know",3
"don’t","let",3
"don’t","make",3
"don’t","want",3
"dont","care",3
"dont","remember",3
"dont","waste",3
"earlier","year",3
"email","address",3
"even","give",3
"even","think",3
"every","night",3
"every","single",3
"everyone","else",3
"everyone","know",3
"excited","see",3
"existence","god",3
"falling","asleep",3
"far","away",3
"far","can",3
"fast","enough",3
"feel","bad",3
"find","way",3
"fine","art",3
"follow","will",3
"forward","seeing",3
"four","times",3
"four","years",3
"free","time",3
"free","woman",3
"frozen","pizza",3
"gave","us",3
"get","away",3
"get","good",3
"get","little",3
"get","see",3
"get","work",3
"getting","back",3
"glad","finally",3
"global","warming",3
"go","check",3
"go","get",3
"go","make",3
"god","will",3
"going","really",3
"gonna","take",3
"good","day",3
"good","job",3
"good","reason",3
"good","stuff",3
"great","job",3
"great","season",3
"great","time",3
"great","way",3
"great","week",3
"great","weekend",3
"half","years",3
"hanley","wood",3
"happy","new",3
"happy","th",3
"hard","get",3
"haunted","mansion",3
"health","care",3
"help","people",3
"helps","us",3
"hes","allowed",3
"hey","guys",3
"hey","hey",3
"highly","recommend",3
"hip","hop",3
"hope","can",3
"hope","good",3
"human","beings",3
"ice","cube",3
"im","big",3
"im","disappointed",3
"im","done",3
"im","hanging",3
"im","pretty",3
"im","saying",3
"im","sitting",3
"im","tired",3
"im","trying",3
"im","u",3
"ive","seen",3
"jermyn","street",3
"juno","beach",3
"just","discovered",3
"just","feel",3
"just","going",3
"just","gonna",3
"just","heard",3
"just","now",3
"just","realized",3
"just","saw",3
"just","time",3
"just","wanted",3
"justin","bieber",3
"keep","mind",3
"key’s","owner",3
"know","good",3
"know","got",3
"know","people",3
"know","something",3
"know","want",3
"ladies","night",3
"last","month",3
"last","weekend",3
"last","years",3
"late","night",3
"later","much",3
"later","week",3
"lauren","lauren",3
"left","right",3
"let","go",3
"let","someone",3
"level","mp",3
"life","long",3
"life","right",3
"like","every",3
"like","good",3
"like","just",3
"like","man",3
"like","need",3
"like","way",3
"like","will",3
"like","youre",3
"live","way",3
"living","will",3
"lol","im",3
"lol","know",3
"long","ago",3
"long","day",3
"long","term",3
"looks","great",3
"lord","jesus",3
"lose","weight",3
"lot","things",3
"love","always",3
"love","everything",3
"love","guys",3
"love","im",3
"love","making",3
"love","will",3
"love","ya",3
"low","tech",3
"make","go",3
"makes","feel",3
"makes","sense",3
"making","sure",3
"man","can",3
"many","things",3
"matt","hunter",3
"may","come",3
"means","will",3
"men","women",3
"mental","illness",3
"middle","class",3
"might","well",3
"mp","cost",3
"ms","sheppard",3
"need","help",3
"need","stop",3
"never","seen",3
"new","blog",3
"new","orleans",3
"new","people",3
"new","song",3
"new","ways",3
"next","days",3
"nice","know",3
"nice","see",3
"night","im",3
"non","profit",3
"north","central",3
"northern","central",3
"now","know",3
"now","lost",3
"now","time",3
"oh","well",3
"old","girl",3
"old","man",3
"one","hand",3
"one","point",3
"one","side",3
"one","way",3
"oven","degrees",3
"peanut","butter",3
"people","always",3
"people","around",3
"people","don’t",3
"people","just",3
"people","put",3
"per","month",3
"pet","rabbits",3
"plate","cant",3
"preheat","oven",3
"pretty","awesome",3
"pretty","good",3
"prime","minister",3
"r","u",3
"real","estate",3
"real","reason",3
"really","cool",3
"really","hard",3
"really","need",3
"really","really",3
"red","one",3
"right","way",3
"rt","just",3
"rt","youre",3
"san","antonio",3
"san","francisco",3
"santa","claus",3
"santo","domingo",3
"school","home",3
"seemed","like",3
"seems","like",3
"set","free",3
"shit","ever",3
"show","tonight",3
"slides","way",3
"small","town",3
"someone","like",3
"something","can",3
"something","different",3
"something","really",3
"st","louis",3
"star","wars",3
"start","cry",3
"starting","today",3
"still","got",3
"still","one",3
"still","see",3
"still","waiting",3
"super","cute",3
"super","fun",3
"supreme","court",3
"sure","will",3
"take","much",3
"take","place",3
"taking","care",3
"talk","people",3
"th","century",3
"thank","rt",3
"thanks","rt",3
"thanks","sharing",3
"thanks","shout",3
"thats","awesome",3
"thats","great",3
"theres","reason",3
"theres","still",3
"think","’s",3
"think","one",3
"time","love",3
"time","see",3
"time","want",3
"time","watch",3
"time","year",3
"try","new",3
"trying","find",3
"trying","hard",3
"twitter","facebook",3
"two","large",3
"u","want",3
"valentines","day",3
"wal","mart",3
"wanna","hear",3
"want","see",3
"want","take",3
"waste","time",3
"way","make",3
"way","think",3
"ways","things",3
"wear","one",3
"week","one",3
"weekend","come",3
"welcome","back",3
"well","known",3
"well","said",3
"well","will",3
"well","written",3
"went","home",3
"weve","got",3
"whats","next",3
"white","house",3
"whole","lot",3
"will","back",3
"will","find",3
"will","follow",3
"will","give",3
"will","hear",3
"will","like",3
"will","look",3
"will","never",3
"will","tell",3
"wish","go",3
"wouldnt","know",3
"years","eve",3
"years","now",3
"yes","lets",3
"yes","rt",3
"yet","another",3
"yet","still",3
"york","times",3
"young","people",3
"youre","looking",3
"–","don’t",2
"–","just",2
"–","may",2
"–","particular",2
"’d","go",2
"’d","like",2
"’ll","back",2
"’ll","just",2
"’ll","make",2
"’ll","tell",2
"’m","member",2
"’m","still",2
"’m","supposed",2
"’re","good",2
"’re","like",2
"’s","also",2
"’s","bad",2
"’s","birthday",2
"’s","going",2
"’s","got",2
"’s","like",2
"’s","small",2
"’s","way",2
"’ve","taken",2
"“","ask",2
"“","im",2
"“","know",2
"“","people",2
"“","rules",2
"“","time",2
"“","top",2
"“","way”",2
"”","andy",2
"”","interesting",2
"ability","pay",2
"able","come",2
"able","keep",2
"able","run",2
"able","see",2
"absolutely","amazing",2
"according","mom",2
"across","country",2
"actually","get",2
"actually","want",2
"add","list",2
"address","can",2
"address","serving",2
"admit","one",2
"admitted","much",2
"ago","far",2
"ago","makes",2
"ago","one",2
"ahead","time",2
"ais","freedom",2
"alice","cooper",2
"alone","letting",2
"already","dont",2
"already","knew",2
"already","started",2
"also","remember",2
"also","work",2
"always","believed",2
"always","looking",2
"always","one",2
"always","remember",2
"always","supporting",2
"always","talk",2
"always","wanted",2
"amazing","many",2
"amazing","performance",2
"amazon","eu",2
"amazon","services",2
"american","people",2
"andy","”",2
"andy","needs",2
"angels","series",2
"angry","rock",2
"announced","soon",2
"another","chance",2
"another","reason",2
"another","week",2
"another","years",2
"answer","one",2
"anyone","done",2
"anyone","ever",2
"anyone","going",2
"anyone","never",2
"anyone","want",2
"anything","else",2
"apologize","say",2
"appreciation","earth’s",2
"appt","today",2
"area","half",2
"around","corner",2
"around","shoulders",2
"around","tasting",2
"around","us",2
"article","years",2
"asdghjkl","love",2
"asians","just",2
"attend","college",2
"attention","detail",2
"attention","fact",2
"automatically","slides",2
"awakened","state",2
"awareness","appreciation",2
"awesome","go",2
"awesome","people",2
"awesome","will",2
"baby","will",2
"back","back",2
"back","business",2
"back","can",2
"back","get",2
"back","home",2
"back","horse",2
"back","just",2
"back","porch",2
"back","relax",2
"back","see",2
"back","soon",2
"back","strong",2
"back","time",2
"bad","ass",2
"bad","boys",2
"bad","thing",2
"bad","things",2
"bad","traffic",2
"bake","degree",2
"bang","buck",2
"baron","cohen",2
"bay","area",2
"beach","centre",2
"beach","day",2
"bear","republic",2
"beast","master",2
"beautiful","bride",2
"beauty","box",2
"became","common",2
"become","one",2
"become","reality",2
"beer","company",2
"begins","monday",2
"believe","even",2
"believe","god",2
"believe","one",2
"best","can",2
"best","known",2
"best","luck",2
"best","mom",2
"best","proof",2
"best","way",2
"best","wishes",2
"better","able",2
"better","place",2
"bible","verse",2
"big","brother",2
"big","deal",2
"biggest","loser",2
"birdy","city",2
"birthday","blog",2
"birthday","cake",2
"birthday","d",2
"birthday","yesterday",2
"bit","bit",2
"bit","fun",2
"bitters","soda",2
"black","friday",2
"black","white",2
"blog","know",2
"blog","link",2
"blown","away",2
"body","interpret",2
"boiling","water",2
"book","dont",2
"book","read",2
"books","including",2
"bored","someone",2
"borrow","books",2
"boston","beer",2
"bout","time",2
"bowling","playing",2
"box","set",2
"brad","pitt",2
"break","one",2
"breast","cancer",2
"brief","moment",2
"brilliant","idea",2
"bring","back",2
"bring","boil",2
"bring","us",2
"brought","us",2
"budget","continues",2
"building","new",2
"burnt","orange",2
"buying","new",2
"buying","shirts",2
"cake","stand",2
"calendar","html",2
"call","back",2
"call","one",2
"called","“",2
"came","back",2
"came","home",2
"came","see",2
"can","borrow",2
"can","break",2
"can","count",2
"can","create",2
"can","email",2
"can","give",2
"can","hurt",2
"can","judge",2
"can","just",2
"can","keep",2
"can","listen",2
"can","live",2
"can","look",2
"can","now",2
"can","offer",2
"can","pass",2
"can","play",2
"can","pretty",2
"can","say",2
"can","seen",2
"can","send",2
"can","sit",2
"can","someone",2
"can","stop",2
"can","trust",2
"can","used",2
"can’t","tell",2
"cant","sleep",2
"car","rental",2
"card","stock",2
"care","much",2
"caroling","uh",2
"catholics","see",2
"cause","just",2
"center","tonight",2
"central","time",2
"championship","game",2
"change","isnt",2
"changed","life",2
"check","just",2
"cheese","curds",2
"cherry","tree",2
"chicago","chicago",2
"chicago","will",2
"chicken","stock",2
"children","learn",2
"children","like",2
"children","obey",2
"chocolate","chip",2
"christ","like",2
"city","austin",2
"class","iii",2
"class","well",2
"clean","plate",2
"close","now",2
"cloth","diapering",2
"club","meeting",2
"cocke","county",2
"cold","nights",2
"color","can",2
"combination","three",2
"come","get",2
"come","visit",2
"come","wait",2
"comes","back",2
"coming","tan",2
"completely","blown",2
"conditions","like",2
"considerable","disappointment",2
"constant","drip",2
"contemporary","dance",2
"cook","minutes",2
"cookie","sheet",2
"corn","starch",2
"cost","damage",2
"costs","local",2
"couldnt","get",2
"couldnt","make",2
"couldnt","possibly",2
"counted","one",2
"couple","times",2
"couple","years",2
"course","like",2
"court","appeals",2
"craft","beer",2
"cream","cake",2
"cream","social",2
"crossed","paths",2
"cup","coffee",2
"curious","see",2
"current","former",2
"cute","little",2
"ð<U+009F><U+0098><U+0083>","veryone",2
"damn","good",2
"damn","thats",2
"dark","now",2
"dates","announced",2
"day","beautiful",2
"day","best",2
"day","can",2
"day","coming",2
"day","eating",2
"day","go",2
"day","got",2
"day","im",2
"day","just",2
"day","know",2
"day","much",2
"day","now",2
"day","one",2
"day","reflection",2
"day","spring",2
"day","today",2
"day","week",2
"day","weekend",2
"days","away",2
"days","later",2
"days","one",2
"days","real",2
"days","will",2
"dead","tracks",2
"death","–",2
"death","destiny",2
"death","wish",2
"decided","make",2
"deep","fried",2
"defence","budget",2
"definitely","felt",2
"degree","oven",2
"desperate","times",2
"destinations","northern",2
"didn’t","mean",2
"didnt","mean",2
"didnt","think",2
"diet","coke",2
"digital","titles",2
"dinner","im",2
"disappointed","ghetto",2
"dixieland","lounge",2
"dm","email",2
"doesn’t","work",2
"doesnt","help",2
"doesnt","like",2
"doesnt","look",2
"doesnt","matter",2
"doesnt","take",2
"don’t","clean",2
"don’t","love",2
"don’t","need",2
"don’t","really",2
"don’t","take",2
"don’t","tell",2
"don’t","think",2
"donate","charity",2
"done","”",2
"done","good",2
"dont","allow",2
"dont","dare",2
"dont","feel",2
"dont","forget",2
"dont","just",2
"dont","let",2
"dont","miss",2
"dont","talk",2
"dont","understand",2
"doors","open",2
"dots","o",2
"drip","drip",2
"dry","touch",2
"dude","love",2
"dwayne","johnson",2
"e","e",2
"e","l",2
"early","morning",2
"early","s",2
"earned","degree",2
"earth","day",2
"earth’s","natural",2
"easter","brunch",2
"easter","everyone",2
"easy","project",2
"easy","today",2
"easy","way",2
"eat","much",2
"eat","pick",2
"eight","days",2
"either","get",2
"either","im",2
"either","way",2
"email","nathanonearth",2
"email","program",2
"end","august",2
"enough","said",2
"entertainment","sports",2
"especially","one",2
"especially","sanchez",2
"estate","agent",2
"even","best",2
"even","better",2
"even","get",2
"even","got",2
"ever","come",2
"ever","get",2
"ever","good",2
"ever","heard",2
"ever","im",2
"ever","since",2
"every","human",2
"every","one",2
"every","woman",2
"everyone","elses",2
"everything","else",2
"everything","pretty",2
"expensive","fees",2
"experience","must",2
"external","world",2
"extra","time",2
"eyes","closed",2
"eyes","d",2
"eyes","like",2
"eyes","still",2
"fabric","sorts",2
"facebook","twitter",2
"fact","don’t",2
"faded","faded",2
"fall","asleep",2
"falling","love",2
"family","law",2
"family","life",2
"family","members",2
"famous","people",2
"fast","food",2
"father","told",2
"favorite","bible",2
"favorite","part",2
"favorite","science",2
"favorite","thing",2
"favourite","things",2
"favre","ground",2
"feel","comfortable",2
"feel","good",2
"feel","little",2
"feeling","good",2
"fees","join",2
"fell","love",2
"felt","good",2
"fiction","movie",2
"fight","club",2
"filmfare","best",2
"final","four",2
"finally","went",2
"find","new",2
"find","today",2
"finding","things",2
"fine","now",2
"fire","crackers",2
"first","draft",2
"first","filmfare",2
"first","half",2
"first","lady",2
"first","new",2
"first","person",2
"first","place",2
"first","show",2
"first","steps",2
"five","six",2
"five","times",2
"five","years",2
"fixes","long",2
"follow","just",2
"followed","book",2
"following","dont",2
"following","us",2
"following","years",2
"food","just",2
"food","wastersyou",2
"forgotten","children",2
"fossil","record",2
"foundational","learning",2
"four","current",2
"free","download",2
"friday","april",2
"friday","will",2
"friend","says",2
"friends","family",2
"friends","reason",2
"friends","special",2
"front","seat",2
"full","board",2
"full","body",2
"full","house",2
"fun","activities",2
"fun","day",2
"fun","fun",2
"fun","go",2
"fun","project",2
"funny","can",2
"funny","mean",2
"g","mail",2
"game","go",2
"game","lets",2
"game","one",2
"game","platform",2
"game","watch",2
"games","day",2
"gas","assets",2
"george","washington",2
"get","another",2
"get","bigger",2
"get","caught",2
"get","done",2
"get","drunk",2
"get","full",2
"get","know",2
"get","lawn",2
"get","much",2
"get","name",2
"get","nasty",2
"get","people",2
"get","point",2
"get","rid",2
"get","right",2
"get","rouuughh",2
"get","shot",2
"get","sleep",2
"get","something",2
"get","special",2
"get","worried",2
"gets","better",2
"getting","little",2
"getting","mine",2
"gift","card",2
"girl","heart",2
"girl","like",2
"girl","say",2
"girl","scout",2
"girls","like",2
"give","away",2
"give","body",2
"give","everything",2
"give","formula",2
"give","one",2
"give","shout",2
"gives","pain",2
"glad","like",2
"go","ahead",2
"go","bed",2
"go","buy",2
"go","can",2
"go","eat",2
"go","facebook",2
"go","got",2
"go","sleep",2
"go","want",2
"go","watch",2
"go","work",2
"goal","’ll",2
"god","father",2
"going","change",2
"going","fun",2
"going","last",2
"going","make",2
"going","miss",2
"going","show",2
"going","start",2
"going","take",2
"going","try",2
"going","without",2
"golden","brown",2
"golden","globe",2
"gone","good",2
"gone","now",2
"gonna","die",2
"gonna","go",2
"gonna","let",2
"gonna","make",2
"goo","goo",2
"good","call",2
"good","enough",2
"good","example",2
"good","excuse",2
"good","home",2
"good","ive",2
"good","looking",2
"good","meal",2
"good","men",2
"good","music",2
"good","night",2
"good","see",2
"good","weekend",2
"good","will",2
"good","wishes",2
"good","work",2
"goose","market",2
"got","dressed",2
"got","end",2
"got","get",2
"got","good",2
"got","got",2
"got","lucky",2
"got","married",2
"got","new",2
"got","one",2
"got","right",2
"got","tickets",2
"gotta","get",2
"gotta","go",2
"government","will",2
"grade","school",2
"grateful","dead",2
"great","article",2
"great","conversation",2
"great","friends",2
"great","just",2
"great","little",2
"great","meet",2
"great","point",2
"great","run",2
"great","see",2
"great","work",2
"green","eyes",2
"guess","good",2
"guess","just",2
"guess","now",2
"guess","well",2
"guess","whos",2
"guest","list",2
"gulf","cartel",2
"guy","u",2
"guys","can",2
"guys","keep",2
"h","e",2
"ha","ha",2
"ha","rt",2
"haha","love",2
"haha","thats",2
"half","hour",2
"hall","fame",2
"hands","experience",2
"happen","’s",2
"happens","give",2
"happy","happy",2
"happy","help",2
"happy","hour",2
"happy","life",2
"happy","monday",2
"happy","thanksgiving",2
"hard","keep",2
"hate","girl",2
"hate","hate",2
"hate","seems",2
"havent","even",2
"headphones","oddly",2
"hear","see",2
"hear","speak",2
"heard","someone",2
"heart","one",2
"held","part",2
"help","get",2
"help","us",2
"hennepin","county",2
"hey","girl",2
"hey","im",2
"hey","thanks",2
"hide","ya",2
"high","expectations",2
"high","heat",2
"high","speed",2
"hired","<U+0096>",2
"history","class",2
"history","interesting",2
"hit","beach",2
"hit","us",2
"holy","shit",2
"home","get",2
"home","im",2
"home","make",2
"home","miss",2
"home","run",2
"home","sit",2
"home","think",2
"home","town",2
"home","will",2
"hope","great",2
"hope","well",2
"hope","wonderful",2
"hopefully","soon",2
"hour","ahead",2
"hour","later",2
"hours","practice",2
"house","day",2
"house","party",2
"human","species",2
"hunger","games",2
"hunter","matt",2
"id","happy",2
"id","like",2
"id","rather",2
"id","say",2
"idea","going",2
"idea","rt",2
"ill","always",2
"ill","eat",2
"ill","give",2
"ill","post",2
"ill","probably",2
"ill","remember",2
"ill","say",2
"ill","send",2
"ill","stop",2
"ill","tell",2
"ill","try",2
"im","already",2
"im","angry",2
"im","back",2
"im","caught",2
"im","coming",2
"im","confused",2
"im","currently",2
"im","feeling",2
"im","gettin",2
"im","guessing",2
"im","hungry",2
"im","im",2
"im","late",2
"im","loving",2
"im","open",2
"im","planning",2
"im","proud",2
"im","ready",2
"im","scared",2
"im","sleepy",2
"im","still",2
"im","taking",2
"im","talking",2
"im","totally",2
"im","wearing",2
"im","writing",2
"im","wrong",2
"imma","go",2
"immune","system",2
"important","urgent",2
"including","one",2
"increase","awareness",2
"info","can",2
"information","can",2
"information","first",2
"information","regarding",2
"inked","tattooing",2
"inside","zippered",2
"inspired","message",2
"inspired","work",2
"interested","start",2
"interesting","things",2
"interior","design",2
"interpret","music",2
"iphone","s",2
"ish","inches",2
"isnt","even",2
"isnt","much",2
"ive","working",2
"jam","packed",2
"james","bond",2
"jean","jacques",2
"jermyn","st",2
"john","cena",2
"johnny","ronan",2
"joining","us",2
"journalists","will",2
"june","th",2
"just","another",2
"just","around",2
"just","barely",2
"just","can",2
"just","doesnt",2
"just","dont",2
"just","ended",2
"just","glad",2
"just","go",2
"just","keep",2
"just","kept",2
"just","leaving",2
"just","let",2
"just","love",2
"just","made",2
"just","many",2
"just","need",2
"just","nice",2
"just","played",2
"just","received",2
"just","recently",2
"just","say",2
"just","second",2
"just","see",2
"just","something",2
"just","started",2
"just","stay",2
"just","things",2
"just","thinking",2
"just","try",2
"just","use",2
"just","watched",2
"just","watching",2
"just","went",2
"just","won",2
"k","pop",2
"keep","good",2
"keep","great",2
"keep","head",2
"keep","posted",2
"keep","putting",2
"keep","real",2
"keep","things",2
"keep","trying",2
"keep","tweeting",2
"kendrick","perkins",2
"kick","back",2
"killed","wounded",2
"kind","novel",2
"kitchen","sink",2
"knew","exactly",2
"knew","existed",2
"knock","shit",2
"know","’ll",2
"know","’s",2
"know","anymore",2
"know","better",2
"know","even",2
"know","ive",2
"know","love",2
"know","make",2
"know","many",2
"know","mean",2
"know","missed",2
"know","need",2
"know","one",2
"know","place",2
"know","said",2
"know","well",2
"know","whats",2
"know","whole",2
"know","writing",2
"know","youd",2
"known","dwayne",2
"kolsch","style",2
"la","la",2
"lady","gaga",2
"large","scale",2
"last","book",2
"last","days",2
"last","minutes",2
"last","months",2
"last","question",2
"last","tweet",2
"laundry","room",2
"law","enforcement",2
"law","land",2
"lawn","chair",2
"layer","melted",2
"laying","middle",2
"leans","forward",2
"learn","new",2
"learn","play",2
"learned","much",2
"learning","hard",2
"least","days",2
"least","little",2
"least","one",2
"lebron","james",2
"left","behind",2
"legal","system",2
"lemon","bundt",2
"lemons","lemon",2
"let","clear",2
"let","cool",2
"let","em",2
"let","love",2
"lets","set",2
"life","awakened",2
"life","goes",2
"life","good",2
"life","im",2
"life","like",2
"life","make",2
"like","“",2
"like","back",2
"like","better",2
"like","call",2
"like","crazy",2
"like","daddy",2
"like","dont",2
"like","gift",2
"like","green",2
"like","happens",2
"like","join",2
"like","might",2
"like","movie",2
"like","never",2
"like","paris",2
"like","pay",2
"like","said",2
"like","see",2
"like","talk",2
"like","thats",2
"like","ur",2
"like","use",2
"like","using",2
"liked","better",2
"likely","die",2
"likes","go",2
"lime","bitters",2
"limited","time",2
"line","youre",2
"lion","head",2
"list","making",2
"list","new",2
"little","late",2
"little","people",2
"little","room",2
"little","will",2
"live","life",2
"live","music",2
"living","life",2
"living","room",2
"llc","amazon",2
"lol","good",2
"lol","just",2
"long","enough",2
"long","range",2
"long","way",2
"look","great",2
"look","thanks",2
"looked","back",2
"looked","like",2
"looking","new",2
"looks","good",2
"looks","interesting",2
"looks","way",2
"looped","dixieland",2
"lost","translation",2
"lot","crazy",2
"lot","learn",2
"lot","shit",2
"lot","two",2
"lotfp","grindhouse",2
"lots","fun",2
"lounge","music",2
"love","austin",2
"love","blog",2
"love","children",2
"love","come",2
"love","free",2
"love","hate",2
"love","hear",2
"love","meet",2
"love","seeing",2
"love","though",2
"love","true",2
"love","us",2
"lovely","time",2
"low","priced",2
"lucky","girl",2
"m","f",2
"made","little",2
"magic","show",2
"mail","dot",2
"main","reason",2
"major","issues",2
"make","another",2
"make","better",2
"make","book",2
"make","cones",2
"make","difference",2
"make","everyone",2
"make","excuses",2
"make","happen",2
"make","happy",2
"make","mistakes",2
"make","something",2
"make","way",2
"make","weekend",2
"make","work",2
"makes","animal",2
"male","character",2
"man","lol",2
"many","children",2
"many","followers",2
"many","good",2
"many","women",2
"many","young",2
"maple","syrup",2
"march","st",2
"mark","calendars",2
"mark","time",2
"mass","murderer",2
"may","day",2
"may","enjoy",2
"may","never",2
"may","read",2
"maybe","can",2
"mcdonald","said",2
"meal","plans",2
"mean","u",2
"means","time",2
"medical","center",2
"medium","full",2
"medium","heat",2
"medium","high",2
"meet","wednesday",2
"meetings","expensive",2
"members","can",2
"memorial","day",2
"mental","health",2
"merry","christmas",2
"messages","can",2
"met","said",2
"might","able",2
"might","find",2
"might","giants",2
"might","just",2
"might","something",2
"mighty","save",2
"milk","honey",2
"miller","park",2
"minutes","add",2
"minutes","flight",2
"miss","much",2
"moan","moan",2
"mobile","portable",2
"money","government",2
"month","reading",2
"months","old",2
"morning","haha",2
"morning","love",2
"mostly","thought",2
"mother","doesnt",2
"motorcycle","seat",2
"moving","forward",2
"mr","webb",2
"much","everyone",2
"much","follow",2
"much","go",2
"much","higher",2
"much","just",2
"much","will",2
"much","work",2
"murder","counts",2
"myspace","facebook",2
"name","now",2
"napa","valley",2
"nathanonearth","g",2
"national","anthem",2
"nba","player",2
"near","feet",2
"near","future",2
"nearly","two",2
"nearly","upon",2
"need","cut",2
"need","document",2
"need","find",2
"need","give",2
"need","motivation",2
"need","new",2
"need","one",2
"need","put",2
"need","step",2
"need","think",2
"need","wait",2
"never","fan",2
"never","find",2
"never","give",2
"never","going",2
"never","got",2
"never","happen",2
"never","happened",2
"never","heard",2
"never","let",2
"never","never",2
"never","question",2
"never","see",2
"new","business",2
"new","exciting",2
"new","home",2
"new","members",2
"new","songs",2
"new","zealand",2
"next","morning",2
"next","phase",2
"next","release",2
"nice","feel",2
"nice","im",2
"nice","work",2
"night","great",2
"night","march",2
"night","special",2
"nine","year",2
"non","stick",2
"nope","just",2
"normal","looking",2
"normal","people",2
"nothing","can",2
"nothing","like",2
"nothing","unusual",2
"nothing","will",2
"now","’m",2
"now","believe",2
"now","days",2
"now","go",2
"now","going",2
"now","gone",2
"now","isnt",2
"now","though",2
"now","whats",2
"now","working",2
"number","attacks",2
"number","phone",2
"o","rt",2
"oak","trees",2
"occam’s","razor",2
"occu","pies",2
"oct","th",2
"office","space",2
"oh","beautiful",2
"oh","god",2
"oh","right",2
"oh","shit",2
"oh","wait",2
"oh","yeah",2
"oh","youre",2
"oil","gas",2
"ok","got",2
"okay","ill",2
"okay","okay",2
"old","adage",2
"old","kenneth",2
"old","lady",2
"old","son",2
"old","today",2
"omg","obama",2
"omg","omg",2
"one","afternoon",2
"one","days",2
"one","ever",2
"one","final",2
"one","friend",2
"one","girls",2
"one","good",2
"one","hundred",2
"one","important",2
"one","interesting",2
"one","knows",2
"one","named",2
"one","new",2
"one","nice",2
"one","orange",2
"one","people",2
"one","prevails",2
"one","really",2
"one","reason",2
"one","red",2
"one","said",2
"one","sitting",2
"one","think",2
"one","top",2
"one","want",2
"one","week",2
"one","yet",2
"ones","just",2
"open","every",2
"order","make",2
"osama","bin",2
"outkast","fan",2
"p","haha",2
"parents","grandparents",2
"paris","review",2
"pastor","father",2
"pastry","cream",2
"pay","back",2
"people","–",2
"people","assume",2
"people","bad",2
"people","can",2
"people","care",2
"people","ireland",2
"people","laugh",2
"people","maintain",2
"people","need",2
"people","often",2
"people","really",2
"people","see",2
"people","smells",2
"people","take",2
"people","tell",2
"people","time",2
"people","will",2
"perfect","timing",2
"person","’s",2
"person","also",2
"person","know",2
"phone","call",2
"phone","calls",2
"phone","didnt",2
"phone","line",2
"phone","time",2
"phones","plus",2
"photo","albums",2
"pick","book",2
"piece","food",2
"piece","together",2
"pirates","penzance",2
"piss","piss",2
"plane","can",2
"plane","ride",2
"platform","hired",2
"play","basketball",2
"play","ground",2
"play","tonight",2
"playing","pool",2
"please","dont",2
"please","give",2
"please","keep",2
"please","let",2
"please","see",2
"please","stop",2
"pm","eastern",2
"pm","et",2
"point","view",2
"policy","food",2
"political","economic",2
"polymer","plates",2
"pop","culture",2
"pork","chops",2
"possibly","can",2
"post","christmas",2
"post","graduation",2
"post","holiday",2
"post","later",2
"post","natal",2
"post","secondary",2
"post","will",2
"practice","novel",2
"pray","pray",2
"pre","orders",2
"president","obama",2
"pretty","big",2
"pretty","great",2
"pretty","simple",2
"price","speaking",2
"primary","goal",2
"private","sector",2
"privately","inked",2
"probably","even",2
"probably","get",2
"providing","good",2
"public","private",2
"public","voice",2
"pumpkin","pie",2
"punch","face",2
"push","button",2
"put","new",2
"quarter","century",2
"queen’s","birthday",2
"quite","bit",2
"quite","sure",2
"quote","day",2
"quote","nietzsche",2
"r","b",2
"rabbits","raised",2
"raise","money",2
"read","blog",2
"read","can",2
"reading","books",2
"reading","digital",2
"ready","go",2
"ready","ipv",2
"ready","plant",2
"ready","spring",2
"real","name",2
"real","quick",2
"real","world",2
"really","’s",2
"really","dont",2
"really","enjoyed",2
"really","enjoying",2
"really","get",2
"really","great",2
"really","helped",2
"really","important",2
"really","just",2
"really","know",2
"really","liked",2
"really","one",2
"really","pretty",2
"really","see",2
"rear","wheel",2
"reason","another",2
"reason","im",2
"recent","years",2
"recently","got",2
"record","store",2
"red","box",2
"reduced","discrimination",2
"regarding","traffic",2
"relax","springbreak",2
"release","date",2
"release","party",2
"remember","dreaming",2
"remember","put",2
"remember","time",2
"remember","two",2
"rental","companies",2
"repeat","rows",2
"report","back",2
"repress","repress",2
"responsibility","actions",2
"rest","us",2
"return","faculty",2
"rg","sama",2
"richard","barrett",2
"right","“",2
"right","behind",2
"right","lol",2
"right","peplum",2
"risk","others",2
"rock","star",2
"roe","deer",2
"role","models",2
"rolly","yale",2
"rouuughh","asdghjkl",2
"rt","happy",2
"rt","im",2
"rt","know",2
"rt","love",2
"rt","much",2
"rt","please",2
"rt","q",2
"rt","thanks",2
"rt","u",2
"run","home",2
"running","around",2
"sad","im",2
"said","done",2
"said","goodbye",2
"said","hell",2
"said","just",2
"said","something",2
"said","think",2
"said","wanted",2
"saint","hedwig",2
"san","diego",2
"san","jose",2
"sandwich","fries",2
"save","lot",2
"saw","one",2
"say","“",2
"say","dont",2
"say","im",2
"say","maybe",2
"say","one",2
"say","something",2
"say","well",2
"say","yes",2
"saying","just",2
"school","community",2
"school","library",2
"school","well",2
"schools","businesses",2
"season","finale",2
"seat","automatically",2
"second","highest",2
"second","thoughts",2
"second","time",2
"see","everyday",2
"see","feb",2
"see","happens",2
"see","people",2
"see","pictures",2
"see","something",2
"see","tweets",2
"see","well",2
"see","whats",2
"see","ya",2
"seeking","bring",2
"seem","get",2
"seen","first",2
"seen","girl",2
"self","deception",2
"sense","accomplishment",2
"sense","can",2
"sense","peace",2
"services","llc",2
"serving","”",2
"set","schedule",2
"several","hundred",2
"several","items",2
"several","people",2
"sexual","desire",2
"shall","see",2
"shes","just",2
"short","story",2
"shot","back",2
"show","movie",2
"shown","us",2
"shows","guys",2
"side","comes",2
"signed","w",2
"since","never",2
"sister","love",2
"six","months",2
"skies","get",2
"skinny","p",2
"slave","woman",2
"sleep","better",2
"slept","today",2
"slider","boxes",2
"small","group",2
"small","room",2
"smart","phones",2
"smh","lol",2
"smile","face",2
"smokestack","series",2
"smoothly","something",2
"soda","water",2
"sold","decreased",2
"solution","problem",2
"someone","know",2
"something","else",2
"something","goes",2
"something","happens",2
"something","keep",2
"something","must",2
"something","new",2
"sonic","ice",2
"soon","discovered",2
"sorry","people",2
"sort","stuff",2
"sound","advice",2
"speaking","one",2
"speaking","truth",2
"special","effects",2
"spending","money",2
"spent","years",2
"spirit","element",2
"sports","entertainment",2
"spread","word",2
"spring","summer",2
"st","birthday",2
"st","patricks",2
"st","round",2
"st","time",2
"stack","hay",2
"starfire","angels",2
"start","crying",2
"start","day",2
"start","hate",2
"start","may",2
"start","next",2
"start","peoplere",2
"start","think",2
"start","will",2
"started","back",2
"starting","day",2
"starting","get",2
"state","union",2
"state","university",2
"status","quo",2
"step","scale",2
"step","step",2
"step","two",2
"still","know",2
"still","make",2
"still","need",2
"still","time",2
"stock","pot",2
"stop","shop",2
"store","day",2
"story","’s",2
"story","im",2
"story","share",2
"story","told",2
"story","will",2
"street","address",2
"street","sign",2
"stud","fee",2
"student","performance",2
"study","need",2
"style","icon",2
"style","kolsch",2
"summer","ale",2
"support","system",2
"support","way",2
"sure","get",2
"sure","ill",2
"surely","soldiers",2
"surprised","find",2
"surprised","learn",2
"survival","horror",2
"sybil","boddington",2
"take","always",2
"take","breath",2
"take","easy",2
"take","photo",2
"take","pictures",2
"take","responsibility",2
"take","time",2
"take","two",2
"taken","long",2
"takes","place",2
"takes","seconds",2
"taking","place",2
"taking","two",2
"talk","shop",2
"tall","white",2
"taylor","swift",2
"teaspoon","sugar",2
"technical","education",2
"tell","can’t",2
"tell","everything",2
"tell","head",2
"tell","people",2
"tell","two",2
"tell","world",2
"tell","ya",2
"th","anniversary",2
"th","grade",2
"thank","coming",2
"thank","people",2
"thank","u",2
"thank","yous",2
"thankfully","im",2
"thanks","coming",2
"thanks","glad",2
"thanks","great",2
"thanks","guys",2
"thanks","heads",2
"thanks","letting",2
"thanks","rts",2
"thats","best",2
"thats","cool",2
"thats","good",2
"thats","im",2
"thats","important",2
"thats","just",2
"thats","really",2
"thats","right",2
"thats","something",2
"thats","true",2
"theres","good",2
"theres","one",2
"thing","dont",2
"thing","ive",2
"thing","man",2
"thing","matters",2
"things","didnt",2
"things","different",2
"things","going",2
"things","know",2
"things","life",2
"things","like",2
"things","really",2
"things","think",2
"things","want",2
"think","going",2
"think","hard",2
"think","ill",2
"think","might",2
"think","need",2
"think","well",2
"thinks","looks",2
"though","fight",2
"though","havent",2
"though","one",2
"thought","funny",2
"three","days",2
"three","four",2
"three","months",2
"three","weeks",2
"thriller","will",2
"thursday","afternoon",2
"thursday","night",2
"thus","far",2
"till","tomorrow",2
"time","also",2
"time","another",2
"time","day",2
"time","enjoy",2
"time","ever",2
"time","get",2
"time","ill",2
"time","just",2
"time","keeping",2
"time","kept",2
"time","know",2
"time","leave",2
"time","make",2
"time","making",2
"time","since",2
"time","start",2
"time","stop",2
"time","talk",2
"time","today",2
"time","without",2
"time","write",2
"times","desperate",2
"times","sure",2
"tip","day",2
"today","can",2
"today","cant",2
"today","day",2
"today","family",2
"today","kick",2
"together","can",2
"told","better",2
"tolerance","policy",2
"tomorrow","can",2
"tomorrow","going",2
"tomorrow","pm",2
"tonight","fun",2
"tonight","pm",2
"took","girls",2
"took","time",2
"top","quality",2
"totally","agree",2
"tourist","destinations",2
"translating","wins",2
"trash","recycling",2
"trick","question",2
"tried","direct",2
"tried","get",2
"tried","unsuccessfully",2
"truly","horrid",2
"truth","even",2
"truth","im",2
"try","find",2
"try","get",2
"try","keep",2
"try","something",2
"trying","convince",2
"trying","escape",2
"trying","kill",2
"tv","show",2
"tweets","follow",2
"twitter","email",2
"twitter","just",2
"twitter","people",2
"twitter","right",2
"two","dots",2
"two","half",2
"two","people",2
"two","year",2
"u","can",2
"u","dont",2
"u","help",2
"u","like",2
"u","love",2
"u","much",2
"u","really",2
"ugly","bitch",2
"uh","caroling",2
"ultimate","pro",2
"unconditional","love",2
"und","der",2
"underground","level",2
"understand","people",2
"university","chicago",2
"upon","us",2
"ur","tweets",2
"urge","get",2
"us","back",2
"us","cover",2
"us","ð<U+009F><U+0098><U+0083>",2
"us","feel",2
"us","government",2
"us","great",2
"us","hope",2
"us","let",2
"us","live",2
"us","see",2
"us","take",2
"us","us",2
"use","make",2
"use","twitter",2
"use","word",2
"used","recipe",2
"vaccine","science",2
"veda","vyasa",2
"veryone","talking",2
"vice","president",2
"virtual","university",2
"vuorg","calendar",2
"w","great",2
"wait","last",2
"waited","waited",2
"walk","away",2
"walking","parking",2
"wanna","know",2
"wanna","say",2
"wanna","see",2
"want","always",2
"want","cook",2
"want","hear",2
"want","keep",2
"want","knock",2
"want","life",2
"want","one",2
"want","people",2
"want","say",2
"want","talk",2
"want","want",2
"want","win",2
"wanted","ask",2
"wanted","keep",2
"wanted","see",2
"wants","see",2
"warm","ups",2
"wastersyou","don’t",2
"watch","party",2
"watching","dream",2
"watching","tv",2
"watching","us",2
"water","slides",2
"way","back",2
"way","can",2
"way","home",2
"way","many",2
"way","much",2
"way","room",2
"way","start",2
"way","tossed",2
"way","want",2
"way”","said",2
"ways","improve",2
"ways","may",2
"wear","shorts",2
"wed","love",2
"wedding","day",2
"weekly","meetings",2
"weeks","go",2
"weigh","pounds",2
"welcome","im",2
"welcome","thanks",2
"well","done",2
"well","find",2
"well","first",2
"well","get",2
"well","however",2
"well","worth",2
"well","youre",2
"went","back",2
"wewontworkout","dont",2
"whatever","happened",2
"whats","happening",2
"whenever","think",2
"white","candles",2
"whitney","houston",2
"whole","page",2
"whole","two",2
"will","able",2
"will","also",2
"will","call",2
"will","continue",2
"will","different",2
"will","dream",2
"will","end",2
"will","first",2
"will","forever",2
"will","gladly",2
"will","good",2
"will","great",2
"will","help",2
"will","kill",2
"will","know",2
"will","live",2
"will","lose",2
"will","make",2
"will","missed",2
"will","playing",2
"will","read",2
"will","report",2
"will","say",2
"will","set",2
"will","still",2
"will","support",2
"will","turn",2
"will","using",2
"will","work",2
"willy","nilly",2
"wish","everyone",2
"wish","going",2
"wish","knew",2
"wish","luck",2
"wishing","best",2
"within","two",2
"without","saying",2
"woman","born",2
"women","–",2
"wonderful","things",2
"word","god",2
"work","awesome",2
"work","day",2
"work","done",2
"work","even",2
"work","little",2
"work","see",2
"work","time",2
"work","together",2
"worked","day",2
"worked","hard",2
"working","late",2
"working","new",2
"working","now",2
"working","us",2
"world","class",2
"world","im",2
"world","peace",2
"world","warcraft",2
"worried","get",2
"worst","shit",2
"worth","waiting",2
"write","something",2
"writing","now",2
"wrote","book",2
"x","chromosome",2
"x","inch",2
"y","chromosome",2
"yea","im",2
"yeah","got",2
"yeah","know",2
"yeah","yeah",2
"year","ago",2
"year","really",2
"year","thought",2
"years","can",2
"years","come",2
"years","mil",2
"years","older",2
"years","resolution",2
"yes","answer",2
"yes","can",2
"yes","maam",2
"yes","one",2
"yes","sir",2
"yes","will",2
"yes","yes",2
"yesterday","morning",2
"yet","can",2
"yoga","class",2
"york","city",2
"youll","need",2
"young","age",2
"young","men",2
"young","sons",2
"young","woman",2
"youre","interested",2
"youre","just",2
"youre","still",2
"youre","twitter",2
"youre","wonderful",2
"youth","beauty",2
"yrs","ago",2
"zero","tolerance",2
"zombie","movies",2
"zuhair","murad",2
